Client GUID,Client ID,Client Sub-ID,Name Line 1,Federal ID,Entity,Return Type,Address Line 1,City,State,ZIP,Responsible Staff,Office,Business Unit,Email Address,Phone,Status
AX-900001,5001,00,Marin Harbor Analytics LLC (TEST),99-1000001,LLC,Form 1065,1001 Ledger Lane,Los Angeles,CA,90012,JDOE,West,Tax,test+realistic001@example.com,555-0101,Ready for Review
AX-900002,5002,00,Hudson Ledger Partners LP (TEST),99-1000002,Partnership,Form 1065,1002 Ledger Lane,New York,NY,10018,RCHEN,East,Tax,test+realistic002@example.com,555-0102,On Extension
AX-900003,5003,00,Austin Foundry Inc (TEST),99-1000003,C-Corp,Form 1120,1003 Ledger Lane,Austin,TX,78701,MLEE,South,Tax,test+realistic003@example.com,555-0103,Waiting on Client
AX-900004,5004,00,Bayview Stone Household (TEST),99-1000004,Individual,Form 1040,1004 Ledger Lane,Miami,FL,33131,TKIM,South,Tax,test+realistic004@example.com,555-0104,Complete
AX-900005,5005,00,Cascade Orchard LLC (TEST),99-1000005,LLC,Form 1065,1005 Ledger Lane,Seattle,WA,98101,PVU,West,Tax,test+realistic005@example.com,555-0105,Not Started
AX-900006,5006,00,Prairie Oak Trust (TEST),99-1000006,Trust,Form 1041,1006 Ledger Lane,Chicago,IL,60603,SRIVERA,East,Tax,test+realistic006@example.com,555-0106,In Progress
AX-900007,5007,00,Golden Gate Studio (TEST),99-1000007,Sole Proprietor,Schedule C,1007 Ledger Lane,San Francisco,CA,94105,ANGUYEN,West,Tax,test+realistic007@example.com,555-0107,Ready for Review
AX-900008,5008,00,Brooklyn Outreach Foundation (TEST),99-1000008,Nonprofit,Form 990,1008 Ledger Lane,Brooklyn,NY,11201,CBROOKS,East,Tax,test+realistic008@example.com,555-0108,On Extension
AX-900009,5009,00,Hill Country Advisors LLC (TEST),99-1000009,LLC,Form 1065,1009 Ledger Lane,San Antonio,TX,78205,JPATEL,South,Tax,test+realistic009@example.com,555-0109,Waiting on Client
AX-900010,5010,00,Palm River Dental PC (TEST),99-1000010,S-Corp,Form 1120-S,1010 Ledger Lane,Tampa,FL,33602,ASTONE,South,Tax,test+realistic010@example.com,555-0110,Complete
AX-900011,5011,00,Puget Sound Robotics Inc (TEST),99-1000011,C-Corp,Form 1120,1011 Ledger Lane,Bellevue,WA,98004,DMORRIS,West,Tax,test+realistic011@example.com,555-0111,Not Started
AX-900012,5012,00,Lincoln Park Household (TEST),99-1000012,Individual,Form 1040,1012 Ledger Lane,Evanston,IL,60201,QREED,East,Tax,test+realistic012@example.com,555-0112,In Progress
AX-900013,5013,00,Silicon Coast Ventures LP (TEST),99-1000013,Partnership,Form 1065,1013 Ledger Lane,Palo Alto,CA,94301,HFLORES,West,Tax,test+realistic013@example.com,555-0113,Ready for Review
AX-900014,5014,00,Rochester Maple Trust (TEST),99-1000014,Trust,Form 1041,1014 Ledger Lane,Rochester,NY,14604,RFOSTER,East,Tax,test+realistic014@example.com,555-0114,On Extension
AX-900015,5015,00,Dallas Market Studio (TEST),99-1000015,Sole Proprietor,Schedule C,1015 Ledger Lane,Dallas,TX,75201,EGRAY,South,Tax,test+realistic015@example.com,555-0115,Waiting on Client
AX-900016,5016,00,Orlando Harbor LLC (TEST),99-1000016,LLC,Form 1065,1016 Ledger Lane,Orlando,FL,32801,HMILES,South,Tax,test+realistic016@example.com,555-0116,Complete
AX-900017,5017,00,Spokane Design Group Inc (TEST),99-1000017,S-Corp,Form 1120-S,1017 Ledger Lane,Spokane,WA,99201,FCOOPER,West,Tax,test+realistic017@example.com,555-0117,Not Started
AX-900018,5018,00,River North Supply Inc (TEST),99-1000018,C-Corp,Form 1120,1018 Ledger Lane,Naperville,IL,60540,RBENNETT,East,Tax,test+realistic018@example.com,555-0118,In Progress
AX-900019,5019,00,North Star Clinic LLC (TEST),99-1000019,LLC,Form 1065,1019 Ledger Lane,Remote,,00000,SCARTER,Unassigned,Tax,test+realistic019@example.com,555-0119,Ready for Review
AX-900020,5020,00,Pacific Crest Therapy Inc (TEST),99-1000020,S-Corp,Form 1120-S,1020 Ledger Lane,Irvine,C.A.,92614,DPRICE,West,Tax,test+realistic020@example.com,555-0120,On Extension
AX-900021,5021,00,Queensboro Catering LP (TEST),99-1000021,Partnership,Form 1065,1021 Ledger Lane,Queens,NY,11101,SWARD,East,Tax,test+realistic021@example.com,555-0121,Waiting on Client
AX-900022,5022,00,Fort Worth Household (TEST),99-1000022,Individual,Form 1040,1022 Ledger Lane,Fort Worth,TX,76102,BYOUNG,South,Tax,test+realistic022@example.com,555-0122,Complete
AX-900023,5023,00,Sarasota Family Trust (TEST),99-1000023,Trust,Form 1041,1023 Ledger Lane,Sarasota,FL,34236,KBELL,South,Tax,test+realistic023@example.com,555-0123,Not Started
AX-900024,5024,00,Tacoma Arts Alliance (TEST),99-1000024,Nonprofit,Form 990,1024 Ledger Lane,Tacoma,WA,98402,LDIAZ,West,Tax,test+realistic024@example.com,555-0124,In Progress
