Client Name,Client Status,Client Street and Apt Address,Client City State and Zip,Client Phone,Client Email Address,Return Type,Preparer
Marin Harbor Analytics LLC (TEST),Ready for Review,1001 Ledger Lane,"Los Angeles, CA 90012",555-0101,test+realistic001@example.com,1065,J. Doe
Hudson Ledger Partners LP (TEST),On Extension,1002 Ledger Lane,"New York, NY 10018",555-0102,test+realistic002@example.com,1065,R. Chen
Austin Foundry Inc (TEST),Waiting on Client,1003 Ledger Lane,"Austin, TX 78701",555-0103,test+realistic003@example.com,1120,M. Lee
Bayview Stone Household (TEST),Complete,1004 Ledger Lane,"Miami, FL 33131",555-0104,test+realistic004@example.com,1040,T. Kim
Cascade Orchard LLC (TEST),Not Started,1005 Ledger Lane,"Seattle, WA 98101",555-0105,test+realistic005@example.com,1065,P. Vu
Prairie Oak Trust (TEST),In Progress,1006 Ledger Lane,"Chicago, IL 60603",555-0106,test+realistic006@example.com,1041,S. Rivera
Golden Gate Studio (TEST),Ready for Review,1007 Ledger Lane,"San Francisco, CA 94105",555-0107,test+realistic007@example.com,1040,A. Nguyen
Brooklyn Outreach Foundation (TEST),On Extension,1008 Ledger Lane,"Brooklyn, NY 11201",555-0108,test+realistic008@example.com,990,C. Brooks
Hill Country Advisors LLC (TEST),Waiting on Client,1009 Ledger Lane,"San Antonio, TX 78205",555-0109,test+realistic009@example.com,1065,J. Patel
Palm River Dental PC (TEST),Complete,1010 Ledger Lane,"Tampa, FL 33602",555-0110,test+realistic010@example.com,1120S,A. Stone
Puget Sound Robotics Inc (TEST),Not Started,1011 Ledger Lane,"Bellevue, WA 98004",555-0111,test+realistic011@example.com,1120,D. Morris
Lincoln Park Household (TEST),In Progress,1012 Ledger Lane,"Evanston, IL 60201",555-0112,test+realistic012@example.com,1040,Q. Reed
Silicon Coast Ventures LP (TEST),Ready for Review,1013 Ledger Lane,"Palo Alto, CA 94301",555-0113,test+realistic013@example.com,1065,H. Flores
Rochester Maple Trust (TEST),On Extension,1014 Ledger Lane,"Rochester, NY 14604",555-0114,test+realistic014@example.com,1041,R. Foster
Dallas Market Studio (TEST),Waiting on Client,1015 Ledger Lane,"Dallas, TX 75201",555-0115,test+realistic015@example.com,1040,E. Gray
Orlando Harbor LLC (TEST),Complete,1016 Ledger Lane,"Orlando, FL 32801",555-0116,test+realistic016@example.com,1065,H. Miles
Spokane Design Group Inc (TEST),Not Started,1017 Ledger Lane,"Spokane, WA 99201",555-0117,test+realistic017@example.com,1120S,F. Cooper
River North Supply Inc (TEST),In Progress,1018 Ledger Lane,"Naperville, IL 60540",555-0118,test+realistic018@example.com,1120,R. Bennett
North Star Clinic LLC (TEST),Ready for Review,1019 Ledger Lane,"Denver, CO 80202",555-0119,test+realistic019@example.com,1065,S. Carter
Pacific Crest Therapy Inc (TEST),On Extension,1020 Ledger Lane,"Irvine, CA 92614",555-0120,test+realistic020@example.com,1120S,D. Price
Queensboro Catering LP (TEST),Waiting on Client,1021 Ledger Lane,"Queens, NY 11101",555-0121,test+realistic021@example.com,1065,S. Ward
Fort Worth Household (TEST),Complete,1022 Ledger Lane,"Fort Worth, TX 76102",555-0122,test+realistic022@example.com,1040,B. Young
Sarasota Family Trust (TEST),Not Started,1023 Ledger Lane,"Sarasota, FL 34236",555-0123,test+realistic023@example.com,1041,K. Bell
Tacoma Arts Alliance (TEST),In Progress,1024 Ledger Lane,"Tacoma, WA 98402",555-0124,test+realistic024@example.com,990,L. Diaz
