Client Number,Client Name,Taxpayer E-mail Address,Spouse E-mail Address,Taxpayer Phone Number,Street Address,City,State,Zip Code,SSN/EIN,Entity Type,Return Type,Preparer,Status
5001,Marin Harbor Analytics LLC (TEST),test+realistic001@example.com,,555-0101,1001 Ledger Lane,Los Angeles,CA,90012,99-1000001,LLC,Form 1065,JDOE,In Progress
5002,Hudson Ledger Partners LP (TEST),test+realistic002@example.com,,555-0102,1002 Ledger Lane,New York,NY,10018,99-1000002,Partnership,Form 1065,RCHEN,Waiting on client
5003,Austin Foundry Inc (TEST),test+realistic003@example.com,,555-0103,1003 Ledger Lane,Austin,TX,78701,99-1000003,C-Corp,Form 1120,MLEE,Ready for review
5004,Bayview Stone Household (TEST),test+realistic004@example.com,,555-0104,1004 Ledger Lane,Miami,FL,33131,99-1000004,Individual,Form 1040,TKIM,Organizer sent
5005,Cascade Orchard LLC (TEST),test+realistic005@example.com,,555-0105,1005 Ledger Lane,Seattle,WA,98101,99-1000005,LLC,Form 1065,PVU,Open items
5006,Prairie Oak Trust (TEST),test+realistic006@example.com,,555-0106,1006 Ledger Lane,Chicago,IL,60603,99-1000006,Trust,Form 1041,SRIVERA,Extension filed
5007,Golden Gate Studio (TEST),test+realistic007@example.com,,555-0107,1007 Ledger Lane,San Francisco,CA,94105,99-1000007,Sole Proprietor,Schedule C,ANGUYEN,Needs bookkeeping
5008,Brooklyn Outreach Foundation (TEST),test+realistic008@example.com,,555-0108,1008 Ledger Lane,Brooklyn,NY,11201,99-1000008,Nonprofit,Form 990,CBROOKS,Board review
5009,Hill Country Advisors LLC (TEST),test+realistic009@example.com,,555-0109,1009 Ledger Lane,San Antonio,TX,78205,99-1000009,LLC,Form 1065,JPATEL,In progress
5010,Palm River Dental PC (TEST),test+realistic010@example.com,,555-0110,1010 Ledger Lane,Tampa,FL,33602,99-1000010,S-Corp,Form 1120-S,ASTONE,Ready for e-file
5011,Puget Sound Robotics Inc (TEST),test+realistic011@example.com,,555-0111,1011 Ledger Lane,Bellevue,WA,98004,99-1000011,C-Corp,Form 1120,DMORRIS,R&D credit review
5012,Lincoln Park Household (TEST),test+realistic012@example.com,,555-0112,1012 Ledger Lane,Evanston,IL,60201,99-1000012,Individual,Form 1040,QREED,Missing K-1
5013,Silicon Coast Ventures LP (TEST),test+realistic013@example.com,,555-0113,1013 Ledger Lane,Palo Alto,CA,94301,99-1000013,Partnership,Form 1065,HFLORES,Partner capital review
5014,Rochester Maple Trust (TEST),test+realistic014@example.com,,555-0114,1014 Ledger Lane,Rochester,NY,14604,99-1000014,Trust,Form 1041,RFOSTER,Beneficiary update
5015,Dallas Market Studio (TEST),test+realistic015@example.com,,555-0115,1015 Ledger Lane,Dallas,TX,75201,99-1000015,Sole Proprietor,Schedule C,EGRAY,Mileage log pending
5016,Orlando Harbor LLC (TEST),test+realistic016@example.com,,555-0116,1016 Ledger Lane,Orlando,FL,32801,99-1000016,LLC,Form 1065,HMILES,Multi-member LLC
5017,Spokane Design Group Inc (TEST),test+realistic017@example.com,,555-0117,1017 Ledger Lane,Spokane,WA,99201,99-1000017,S-Corp,Form 1120-S,FCOOPER,Payroll tie-out
5018,River North Supply Inc (TEST),test+realistic018@example.com,,555-0118,1018 Ledger Lane,Naperville,IL,60540,99-1000018,C-Corp,Form 1120,RBENNETT,Inventory review
5019,North Star Clinic LLC (TEST),test+realistic019@example.com,,555-0119,1019 Ledger Lane,Remote,,00000,99-1000019,LLC,Form 1065,SCARTER,Review: missing filing state
5020,Pacific Crest Therapy Inc (TEST),test+realistic020@example.com,,555-0120,1020 Ledger Lane,Irvine,C.A.,92614,99-1000020,S-Corp,Form 1120-S,DPRICE,Review: state exported as C.A.
5021,Queensboro Catering LP (TEST),test+realistic021@example.com,,555-0121,1021 Ledger Lane,Queens,NY,11101,99-1000021,Partnership,Form 1065,SWARD,Owner basis review
5022,Fort Worth Household (TEST),test+realistic022@example.com,,555-0122,1022 Ledger Lane,Fort Worth,TX,76102,99-1000022,Individual,Form 1040,BYOUNG,Schedule E rental
5023,Sarasota Family Trust (TEST),test+realistic023@example.com,,555-0123,1023 Ledger Lane,Sarasota,FL,34236,99-1000023,Trust,Form 1041,KBELL,Estimated tax review
5024,Tacoma Arts Alliance (TEST),test+realistic024@example.com,,555-0124,1024 Ledger Lane,Tacoma,WA,98402,99-1000024,Nonprofit,Form 990,LDIAZ,Grant schedule review
