Client ID,Client Sub-ID,Client GUID,NameLine1,NameLine2,SortName,Federal ID,ClientType,FYE,Client Email ID
5001,00,1dcbc952-352d-45d7-75df-b58227ef4567,Marin Harbor Analytics LLC (TEST),,Marin Harbor Analytics LLC (TEST),99-1000001,LLC,12/31,test+realistic001@example.com
5002,00,29745e4d-6927-4a9d-e98c-6ae109680123,Hudson Ledger Partners LP (TEST),,Hudson Ledger Partners LP (TEST),99-1000002,Partnership,12/31,test+realistic002@example.com
5003,00,352dd248-9d21-4f53-5e39-1f41eae0ccde,Austin Foundry Inc (TEST),,Austin Foundry Inc (TEST),99-1000003,C-Corp,12/31,test+realistic003@example.com
5004,00,41d56733-c13b-4429-c2f5-c3b0cc69789a,Taylor,Kim,"Kim, Taylor",99-1000004,Individual,12/31,test+realistic004@example.com
5005,00,5d7eeb2e-f535-49ee-37a2-7810aee14456,Cascade Orchard LLC (TEST),,Cascade Orchard LLC (TEST),99-1000005,LLC,12/31,test+realistic005@example.com
5006,00,69277029-2a3f-4ea4-ab5f-2d7f707aff02,Prairie Oak Trust (TEST),,Prairie Oak Trust (TEST),99-1000006,Trust,12/31,test+realistic006@example.com
5007,00,75dff414-5e39-437a-101c-d1ee52f2bbcd,Alex,Nguyen,"Nguyen, Alex",99-1000007,Individual,12/31,test+realistic007@example.com
5008,00,8188890f-8243-4830-84c8-864e347b6789,Brooklyn Outreach Foundation (TEST),,Brooklyn Outreach Foundation (TEST),99-1000008,Nonprofit,12/31,test+realistic008@example.com
5009,00,9d211ef9-b64d-4df5-f875-3bad16f32345,Hill Country Advisors LLC (TEST),,Hill Country Advisors LLC (TEST),99-1000009,LLC,12/31,test+realistic009@example.com
5010,00,a9d992f4-ea47-42cb-6d22-ef0df77ceef0,Palm River Dental PC (TEST),,Palm River Dental PC (TEST),99-1000010,S-Corp,12/31,test+realistic010@example.com
5011,00,b58227ef-1f41-4781-d1ee-947cd9f4aabc,Puget Sound Robotics Inc (TEST),,Puget Sound Robotics Inc (TEST),99-1000011,C-Corp,12/31,test+realistic011@example.com
5012,00,c13babda-435b-4c47-469b-49dbbb7d5678,Quinn,Reed,"Reed, Quinn",99-1000012,Individual,12/31,test+realistic012@example.com
5013,00,ddd330d5-7755-411d-ba48-fd3b9df51234,Silicon Coast Ventures LP (TEST),,Silicon Coast Ventures LP (TEST),99-1000013,Partnership,12/31,test+realistic013@example.com
5014,00,e98cb4c0-ab5f-46d2-2ff4-a2aa7f7ecdef,Rochester Maple Trust (TEST),,Rochester Maple Trust (TEST),99-1000014,Trust,12/31,test+realistic014@example.com
5015,00,f53549bb-df59-4b98-93b1-570a510799ab,Emerson,Gray,"Gray, Emerson",99-1000015,Individual,12/31,test+realistic015@example.com
5016,00,02edcda6-0463-406e-086e-0c69338f4567,Orlando Harbor LLC (TEST),,Orlando Harbor LLC (TEST),99-1000016,LLC,12/31,test+realistic016@example.com
5017,00,1e8652a1-386d-4524-7c1b-b0d815080123,Spokane Design Group Inc (TEST),,Spokane Design Group Inc (TEST),99-1000017,S-Corp,12/31,test+realistic017@example.com
5018,00,2a3fd69c-6c67-4ae9-e0d7-6538f680ccde,River North Supply Inc (TEST),,River North Supply Inc (TEST),99-1000018,C-Corp,12/31,test+realistic018@example.com
5019,00,36e76b87-9071-4faf-5584-1a97d809789a,North Star Clinic LLC (TEST),,North Star Clinic LLC (TEST),99-1000019,LLC,12/31,test+realistic019@example.com
5020,00,4290ff72-c47b-4475-c931-cef6ba814456,Pacific Crest Therapy Inc (TEST),,Pacific Crest Therapy Inc (TEST),99-1000020,S-Corp,12/31,test+realistic020@example.com
5021,00,5e39747d-f875-493b-3eed-73669c0aff02,Queensboro Catering LP (TEST),,Queensboro Catering LP (TEST),99-1000021,Partnership,12/31,test+realistic021@example.com
5022,00,6ae10968-2d7f-4ef0-a2aa-28c57e82bbcd,Blake,Young,"Young, Blake",99-1000022,Individual,12/31,test+realistic022@example.com
5023,00,769a8d53-5189-43c6-1757-dc25501b6789,Sarasota Family Trust (TEST),,Sarasota Family Trust (TEST),99-1000023,Trust,12/31,test+realistic023@example.com
5024,00,8243125e-8583-488c-8b04-819432932345,Tacoma Arts Alliance (TEST),,Tacoma Arts Alliance (TEST),99-1000024,Nonprofit,12/31,test+realistic024@example.com
