Taxpayer name,Business name,Email address,Phone number,Street address,City,State,Zip code,Total tax,Total balance due,Preparer
,Marin Harbor Analytics LLC (TEST),test+realistic001@example.com,555-0101,1001 Ledger Lane,Los Angeles,CA,90012,1185.00,86.00,J. Doe
,Hudson Ledger Partners LP (TEST),test+realistic002@example.com,555-0102,1002 Ledger Lane,New York,NY,10018,1370.00,97.00,R. Chen
,Austin Foundry Inc (TEST),test+realistic003@example.com,555-0103,1003 Ledger Lane,Austin,TX,78701,1555.00,108.00,M. Lee
Taylor Kim,,test+realistic004@example.com,555-0104,1004 Ledger Lane,Miami,FL,33131,1740.00,0.00,T. Kim
,Cascade Orchard LLC (TEST),test+realistic005@example.com,555-0105,1005 Ledger Lane,Seattle,WA,98101,1925.00,130.00,P. Vu
,Prairie Oak Trust (TEST),test+realistic006@example.com,555-0106,1006 Ledger Lane,Chicago,IL,60603,2110.00,141.00,S. Rivera
Alex Nguyen,,test+realistic007@example.com,555-0107,1007 Ledger Lane,San Francisco,CA,94105,2295.00,152.00,A. Nguyen
,Brooklyn Outreach Foundation (TEST),test+realistic008@example.com,555-0108,1008 Ledger Lane,Brooklyn,NY,11201,2480.00,0.00,C. Brooks
,Hill Country Advisors LLC (TEST),test+realistic009@example.com,555-0109,1009 Ledger Lane,San Antonio,TX,78205,2665.00,174.00,J. Patel
,Palm River Dental PC (TEST),test+realistic010@example.com,555-0110,1010 Ledger Lane,Tampa,FL,33602,2850.00,185.00,A. Stone
,Puget Sound Robotics Inc (TEST),test+realistic011@example.com,555-0111,1011 Ledger Lane,Bellevue,WA,98004,3035.00,196.00,D. Morris
Quinn Reed,,test+realistic012@example.com,555-0112,1012 Ledger Lane,Evanston,IL,60201,3220.00,0.00,Q. Reed
,Silicon Coast Ventures LP (TEST),test+realistic013@example.com,555-0113,1013 Ledger Lane,Palo Alto,CA,94301,3405.00,218.00,H. Flores
,Rochester Maple Trust (TEST),test+realistic014@example.com,555-0114,1014 Ledger Lane,Rochester,NY,14604,3590.00,229.00,R. Foster
Emerson Gray,,test+realistic015@example.com,555-0115,1015 Ledger Lane,Dallas,TX,75201,3775.00,240.00,E. Gray
,Orlando Harbor LLC (TEST),test+realistic016@example.com,555-0116,1016 Ledger Lane,Orlando,FL,32801,3960.00,0.00,H. Miles
,Spokane Design Group Inc (TEST),test+realistic017@example.com,555-0117,1017 Ledger Lane,Spokane,WA,99201,4145.00,262.00,F. Cooper
,River North Supply Inc (TEST),test+realistic018@example.com,555-0118,1018 Ledger Lane,Naperville,IL,60540,4330.00,273.00,R. Bennett
,North Star Clinic LLC (TEST),test+realistic019@example.com,555-0119,1019 Ledger Lane,Denver,CO,80202,4515.00,284.00,S. Carter
,Pacific Crest Therapy Inc (TEST),test+realistic020@example.com,555-0120,1020 Ledger Lane,Irvine,CA,92614,4700.00,0.00,D. Price
,Queensboro Catering LP (TEST),test+realistic021@example.com,555-0121,1021 Ledger Lane,Queens,NY,11101,4885.00,306.00,S. Ward
Blake Young,,test+realistic022@example.com,555-0122,1022 Ledger Lane,Fort Worth,TX,76102,5070.00,317.00,B. Young
,Sarasota Family Trust (TEST),test+realistic023@example.com,555-0123,1023 Ledger Lane,Sarasota,FL,34236,5255.00,328.00,K. Bell
,Tacoma Arts Alliance (TEST),test+realistic024@example.com,555-0124,1024 Ledger Lane,Tacoma,WA,98402,5440.00,0.00,L. Diaz
